Employee,Department,Salary,Experience
Employee_1,IT,83594,9
Employee_2,HR,111156,40
Employee_3,IT,94136,38
Employee_4,Marketing,53853,20
Employee_5,IT,52383,26
Employee_6,IT,79143,18
Employee_7,IT,52206,22
Employee_8,Operations,83229,8
Employee_9,Marketing,91057,17
Employee_10,Operations,61501,18
Employee_11,HR,89382,13
Employee_12,Operations,64153,3
Employee_13,IT,72207,17
Employee_14,Operations,63670,21
Employee_15,Finance,52550,36
Employee_16,HR,78041,1
Employee_17,Operations,88068,21
Employee_18,IT,91045,29
Employee_19,IT,46982,16
Employee_20,HR,40228,4
Employee_21,Operations,75074,19
Employee_22,HR,114769,30
Employee_23,Finance,75695,37
Employee_24,Operations,53040,12
Employee_25,Marketing,73785,20
Employee_26,Marketing,68692,27
Employee_27,HR,114047,9
Employee_28,Finance,74936,20
Employee_29,Operations,41299,7
Employee_30,Marketing,48112,4
Employee_31,Marketing,80306,4
Employee_32,Operations,108521,23
Employee_33,IT,111539,35
Employee_34,Operations,82677,19
Employee_35,Finance,70109,40
Employee_36,Marketing,52929,35
Employee_37,Operations,55224,13
Employee_38,Operations,109800,11
Employee_39,Marketing,110992,36
Employee_40,Marketing,95566,11
Employee_41,IT,100158,31
Employee_42,Finance,89320,8
Employee_43,Finance,85301,15
Employee_44,IT,68810,1
Employee_45,HR,64922,13
Employee_46,Finance,66822,14
Employee_47,Marketing,41479,5
Employee_48,Operations,66881,33
Employee_49,Operations,106132,22
Employee_50,Marketing,91466,3
Employee_51,HR,104940,1
Employee_52,Marketing,102258,35
Employee_53,Marketing,104764,25
Employee_54,Marketing,40204,11
Employee_55,HR,84697,26
Employee_56,Operations,99208,12
Employee_57,IT,101676,35
Employee_58,IT,69773,11
Employee_59,Marketing,107376,24
Employee_60,Finance,63045,18
Employee_61,Operations,42928,28
Employee_62,Operations,108156,16
Employee_63,HR,78733,6
Employee_64,IT,56673,29
Employee_65,HR,98952,26
Employee_66,HR,81624,32
Employee_67,HR,111745,38
Employee_68,HR,40703,16
Employee_69,IT,111921,26
Employee_70,Marketing,101665,23
Employee_71,HR,51840,12
Employee_72,Finance,40524,4
Employee_73,Marketing,109165,11
Employee_74,IT,85315,37
Employee_75,IT,89036,15
Employee_76,IT,85802,4
Employee_77,Finance,104095,40
Employee_78,HR,113973,28
Employee_79,HR,107434,4
Employee_80,Finance,69027,25
Employee_81,IT,92808,2
Employee_82,IT,107815,27
Employee_83,Marketing,98991,32
Employee_84,Finance,67673,17
Employee_85,Finance,70079,3
Employee_86,Marketing,41753,8
Employee_87,IT,46619,34
Employee_88,Finance,100548,31
Employee_89,HR,113916,4
Employee_90,Marketing,99021,22
Employee_91,IT,86953,24
Employee_92,HR,71387,16
Employee_93,Operations,61565,4
Employee_94,Finance,112786,1
Employee_95,Finance,80187,32
Employee_96,Marketing,108946,19
Employee_97,Marketing,118464,4
Employee_98,HR,55012,36
Employee_99,HR,67374,4
Employee_100,Operations,71567,15
Employee_101,Operations,64551,1
Employee_102,IT,62617,18
Employee_103,IT,52886,34
Employee_104,Marketing,83573,10
Employee_105,Operations,87983,34
Employee_106,IT,118114,23
Employee_107,Marketing,67302,11
Employee_108,Marketing,73315,22
Employee_109,Finance,88681,20
Employee_110,Operations,55937,34
Employee_111,IT,53457,8
Employee_112,Operations,113538,14
Employee_113,IT,111149,20
Employee_114,Marketing,54576,11
Employee_115,HR,84632,14
Employee_116,Operations,50314,4
Employee_117,Marketing,101843,22
Employee_118,Marketing,46184,40
Employee_119,Marketing,95696,12
Employee_120,HR,101088,1
Employee_121,HR,50300,11
Employee_122,Operations,43235,23
Employee_123,Operations,102923,38
Employee_124,Finance,70410,27
Employee_125,HR,54002,31
Employee_126,Finance,80388,14
Employee_127,HR,65549,7
Employee_128,Finance,110839,36
Employee_129,IT,79023,30
Employee_130,Finance,87380,13
Employee_131,HR,74093,12
Employee_132,HR,57871,39
Employee_133,IT,43272,6
Employee_134,IT,77730,13
Employee_135,Finance,87558,13
Employee_136,IT,48648,12
Employee_137,HR,53949,22
Employee_138,IT,40856,28
Employee_139,Operations,94843,35
Employee_140,IT,55463,13
Employee_141,Finance,82870,27
Employee_142,IT,62022,27
Employee_143,Operations,53725,17
Employee_144,Operations,113305,17
Employee_145,Finance,65875,35
Employee_146,Finance,71593,36
Employee_147,IT,104447,31
Employee_148,Finance,81292,5
Employee_149,Operations,65508,8
Employee_150,Operations,84016,14
Employee_151,IT,119376,17
Employee_152,Marketing,103516,11
Employee_153,Finance,74054,9
Employee_154,Marketing,65600,15
Employee_155,Marketing,112928,23
Employee_156,Finance,72532,1
Employee_157,Marketing,41798,8
Employee_158,Marketing,61972,20
Employee_159,Finance,72337,26
Employee_160,Operations,76030,15
Employee_161,IT,102642,4
Employee_162,HR,87117,29
Employee_163,Operations,56461,2
Employee_164,HR,55808,33
Employee_165,Marketing,40569,33
Employee_166,HR,105035,13
Employee_167,IT,97549,24
Employee_168,Finance,54367,17
Employee_169,Operations,62097,39
Employee_170,Marketing,65688,7
Employee_171,Marketing,96451,17
Employee_172,Operations,70066,38
Employee_173,IT,92812,37
Employee_174,Marketing,64428,1
Employee_175,HR,57210,37
Employee_176,Finance,99058,7
Employee_177,Marketing,46116,4
Employee_178,Marketing,43785,6
Employee_179,Marketing,91637,40
Employee_180,IT,106869,24
Employee_181,HR,88574,35
Employee_182,HR,65954,39
Employee_183,IT,48714,25
Employee_184,IT,67122,18
Employee_185,Finance,48030,32
Employee_186,IT,86120,36
Employee_187,HR,85028,25
Employee_188,Operations,70818,22
Employee_189,Finance,111639,22
Employee_190,Finance,102974,13
Employee_191,Operations,116453,29
Employee_192,Marketing,118343,25
Employee_193,Marketing,71450,18
Employee_194,Operations,66839,25
Employee_195,HR,89439,37
Employee_196,Operations,93302,31
Employee_197,Marketing,49021,32
Employee_198,Marketing,54122,24
Employee_199,Marketing,100795,4
Employee_200,HR,100614,19
Employee_201,IT,117277,34
Employee_202,Operations,77435,38
Employee_203,IT,109410,11
Employee_204,Finance,107401,26
Employee_205,Operations,113122,34
Employee_206,IT,57684,5
Employee_207,HR,105181,5
Employee_208,HR,68671,5
Employee_209,IT,61543,6
Employee_210,HR,119526,20
Employee_211,IT,110189,32
Employee_212,Marketing,101995,22
Employee_213,Marketing,112874,21
Employee_214,HR,119075,39
Employee_215,IT,93210,31
Employee_216,IT,107757,34
Employee_217,Operations,43565,14
Employee_218,Operations,63784,32
Employee_219,HR,118206,20
Employee_220,IT,62352,20
Employee_221,Finance,44850,9
Employee_222,IT,46830,29
Employee_223,Marketing,114001,12
Employee_224,IT,72832,17
Employee_225,Marketing,89692,34
Employee_226,Finance,110418,18
Employee_227,Finance,106837,26
Employee_228,Operations,116096,23
Employee_229,IT,60120,7
Employee_230,Finance,51989,1
Employee_231,HR,57266,1
Employee_232,Operations,97013,28
Employee_233,HR,95468,20
Employee_234,IT,58015,7
Employee_235,IT,102750,3
Employee_236,IT,91154,15
Employee_237,HR,118994,24
Employee_238,Marketing,106139,1
Employee_239,HR,48915,5
Employee_240,IT,66521,27
Employee_241,Finance,117997,20
Employee_242,HR,90216,36
Employee_243,Operations,78484,30
Employee_244,Operations,45827,6
Employee_245,Operations,114507,18
Employee_246,HR,101078,33
Employee_247,HR,66073,38
Employee_248,Finance,81067,24
Employee_249,IT,67828,17
Employee_250,Marketing,82840,23
Employee_251,Marketing,118099,18
Employee_252,Operations,51562,1
Employee_253,Operations,83807,27
Employee_254,HR,74421,3
Employee_255,HR,99519,36
Employee_256,Operations,103283,28
Employee_257,HR,76311,21
Employee_258,Marketing,98134,25
Employee_259,IT,50906,8
Employee_260,HR,111263,37
Employee_261,Finance,51355,9
Employee_262,Finance,99761,9
Employee_263,HR,114240,25
Employee_264,Operations,80072,1
Employee_265,Operations,55543,8
Employee_266,Operations,65629,10
Employee_267,Marketing,65357,35
Employee_268,Finance,70175,2
Employee_269,HR,94308,12
Employee_270,HR,63434,37
Employee_271,IT,47166,38
Employee_272,Finance,97894,24
Employee_273,HR,107576,16
Employee_274,HR,64290,5
Employee_275,Marketing,74483,1
Employee_276,Operations,42001,11
Employee_277,IT,75257,10
Employee_278,HR,100455,19
Employee_279,HR,114368,35
Employee_280,IT,109123,20
Employee_281,Finance,70608,33
Employee_282,Operations,43392,39
Employee_283,Finance,106258,31
Employee_284,Finance,84397,26
Employee_285,HR,43312,8
Employee_286,Marketing,82190,27
Employee_287,Operations,111688,27
Employee_288,Operations,115264,40
Employee_289,Finance,107821,29
Employee_290,Marketing,80422,17
Employee_291,IT,107085,10
Employee_292,HR,64151,22
Employee_293,Operations,93572,21
Employee_294,Finance,83255,19
Employee_295,HR,117939,12
Employee_296,HR,107815,35
Employee_297,Operations,93761,3
Employee_298,HR,63525,13
Employee_299,Marketing,119584,22
Employee_300,Operations,58386,18
Employee_301,HR,98755,6
Employee_302,IT,113063,11
Employee_303,Operations,115750,33
Employee_304,Operations,48522,21
Employee_305,HR,99833,17
Employee_306,Finance,56172,3
Employee_307,Marketing,56280,32
Employee_308,IT,95559,11
Employee_309,HR,78973,15
Employee_310,Finance,57488,32
Employee_311,Finance,77375,3
Employee_312,HR,46368,25
Employee_313,HR,73529,34
Employee_314,Operations,111570,14
Employee_315,IT,93467,35
Employee_316,Finance,77074,22
Employee_317,Marketing,118258,28
Employee_318,IT,59993,16
Employee_319,Marketing,55014,4
Employee_320,IT,69730,17
Employee_321,HR,88753,33
Employee_322,HR,65330,28
Employee_323,Finance,91363,29
Employee_324,HR,85455,15
Employee_325,HR,73909,3
Employee_326,IT,55192,7
Employee_327,Finance,82091,25
Employee_328,Operations,101386,8
Employee_329,Marketing,54299,10
Employee_330,IT,113690,23
Employee_331,Operations,106529,6
Employee_332,Operations,69013,19
Employee_333,Finance,70638,12
Employee_334,IT,118622,8
Employee_335,Marketing,86525,28
Employee_336,Marketing,97775,23
Employee_337,Finance,41969,20
Employee_338,IT,84405,5
Employee_339,Operations,75461,30
Employee_340,Marketing,74524,33
Employee_341,HR,45150,7
Employee_342,IT,73601,28
Employee_343,Finance,84168,25
Employee_344,IT,91073,32
Employee_345,Finance,94213,28
Employee_346,Finance,112607,21
Employee_347,Finance,79290,34
Employee_348,Finance,58844,5
Employee_349,HR,79579,16
Employee_350,Finance,93598,33
Employee_351,Operations,91042,33
Employee_352,Operations,72052,9
Employee_353,Marketing,115371,26
Employee_354,Finance,85094,35
Employee_355,IT,74812,1
Employee_356,Operations,64679,5
Employee_357,Operations,76986,36
Employee_358,Operations,77192,36
Employee_359,IT,115998,35
Employee_360,Finance,111572,40
Employee_361,Operations,44361,34
Employee_362,HR,47562,23
Employee_363,IT,104292,12
Employee_364,Marketing,113029,35
Employee_365,Finance,54032,11
Employee_366,IT,66192,9
Employee_367,Finance,92025,22
Employee_368,Marketing,41568,22
Employee_369,IT,58495,37
Employee_370,Operations,54169,9
Employee_371,HR,67186,1
Employee_372,IT,115475,10
Employee_373,IT,67844,26
Employee_374,IT,73504,12
Employee_375,Finance,75427,17
Employee_376,Finance,106078,20
Employee_377,Operations,99534,19
Employee_378,Marketing,103432,3
Employee_379,IT,117764,11
Employee_380,Finance,92753,38
Employee_381,Marketing,40686,28
Employee_382,Marketing,104757,19
Employee_383,IT,60186,11
Employee_384,HR,88155,39
Employee_385,HR,94003,30
Employee_386,Marketing,115129,17
Employee_387,IT,82000,10
Employee_388,Marketing,61728,7
Employee_389,Finance,93261,17
Employee_390,IT,76772,1
Employee_391,HR,91343,38
Employee_392,Finance,76456,21
Employee_393,Marketing,113473,13
Employee_394,Operations,57028,28
Employee_395,Marketing,117746,38
Employee_396,Operations,97888,15
Employee_397,Finance,116400,2
Employee_398,Operations,72155,20
Employee_399,IT,108642,24
Employee_400,Marketing,98234,25
Employee_401,IT,56719,33
Employee_402,IT,82929,23
Employee_403,HR,93408,5
Employee_404,Finance,108434,38
Employee_405,IT,58972,36
Employee_406,Operations,69694,6
Employee_407,Marketing,49509,26
Employee_408,Marketing,62663,40
Employee_409,Operations,112694,17
Employee_410,HR,74796,3
Employee_411,Operations,68251,23
Employee_412,Marketing,82188,9
Employee_413,Finance,102205,26
Employee_414,Marketing,98209,3
Employee_415,Operations,119168,3
Employee_416,IT,101948,25
Employee_417,Marketing,91669,39
Employee_418,Finance,54389,38
Employee_419,HR,101481,8
Employee_420,IT,52909,37
Employee_421,Operations,87561,35
Employee_422,IT,63572,21
Employee_423,Marketing,73753,17
Employee_424,Marketing,107885,34
Employee_425,IT,104661,26
Employee_426,Operations,54187,3
Employee_427,Operations,115582,4
Employee_428,Finance,115816,21
Employee_429,HR,55851,7
Employee_430,HR,45918,22
Employee_431,Marketing,92339,32
Employee_432,Finance,72407,23
Employee_433,Marketing,101217,5
Employee_434,Marketing,81119,34
Employee_435,Finance,112214,40
Employee_436,Operations,62519,11
Employee_437,IT,63679,21
Employee_438,Finance,76261,4
Employee_439,Finance,63040,16
Employee_440,Operations,105132,16
Employee_441,IT,88746,37
Employee_442,IT,40087,26
Employee_443,HR,106365,29
Employee_444,Finance,97529,30
Employee_445,Finance,111993,2
Employee_446,Marketing,64965,40
Employee_447,HR,99700,24
Employee_448,Operations,43437,3
Employee_449,Marketing,64829,33
Employee_450,HR,114642,13
Employee_451,IT,98945,13
Employee_452,HR,101058,33
Employee_453,Marketing,46058,23
Employee_454,Finance,72947,34
Employee_455,Operations,43745,10
Employee_456,Operations,105795,39
Employee_457,IT,76225,17
Employee_458,IT,61929,24
Employee_459,IT,46491,1
Employee_460,HR,85417,35
Employee_461,Marketing,101141,34
Employee_462,Marketing,68441,37
Employee_463,Finance,48997,37
Employee_464,HR,103356,20
Employee_465,HR,46804,6
Employee_466,Marketing,84549,2
Employee_467,IT,53857,20
Employee_468,Operations,66411,39
Employee_469,Operations,45670,10
Employee_470,HR,91358,33
Employee_471,Marketing,115763,34
Employee_472,Marketing,106354,1
Employee_473,Marketing,78427,25
Employee_474,IT,60752,3
Employee_475,IT,44050,4
Employee_476,IT,117156,37
Employee_477,IT,82207,35
Employee_478,HR,83063,16
Employee_479,Operations,92188,21
Employee_480,HR,107884,5
Employee_481,Operations,51290,25
Employee_482,IT,71499,20
Employee_483,Marketing,42863,11
Employee_484,IT,80289,34
Employee_485,Marketing,87163,27
Employee_486,HR,66610,37
Employee_487,Finance,69535,39
Employee_488,Finance,115167,2
Employee_489,Marketing,58862,2
Employee_490,HR,80995,24
Employee_491,Marketing,95931,34
Employee_492,Marketing,43448,38
Employee_493,IT,95600,21
Employee_494,Finance,47523,19
Employee_495,Finance,40821,2
Employee_496,Marketing,117350,12
Employee_497,Finance,82344,39
Employee_498,Marketing,55037,21
Employee_499,Operations,57651,25
Employee_500,Finance,67709,20
Employee_501,IT,116773,33
Employee_502,IT,66969,39
Employee_503,Marketing,55712,20
Employee_504,Finance,69238,15
Employee_505,Marketing,56759,17
Employee_506,HR,89991,37
Employee_507,Operations,80240,27
Employee_508,Operations,104475,31
Employee_509,Operations,81847,14
Employee_510,Operations,76804,40
Employee_511,Operations,78315,39
Employee_512,Finance,61342,21
Employee_513,Marketing,40858,35
Employee_514,Operations,73572,38
Employee_515,Finance,85411,36
Employee_516,Operations,94321,32
Employee_517,Marketing,79015,5
Employee_518,Operations,100546,35
Employee_519,Finance,73870,28
Employee_520,Marketing,96381,2
Employee_521,HR,61861,9
Employee_522,Marketing,59330,8
Employee_523,HR,119825,9
Employee_524,IT,107526,25
Employee_525,Operations,94349,18
Employee_526,HR,57974,29
Employee_527,Marketing,78254,26
Employee_528,IT,107013,9
Employee_529,Operations,80352,17
Employee_530,IT,89290,30
Employee_531,Marketing,54306,36
Employee_532,IT,40415,35
Employee_533,IT,70624,4
Employee_534,Marketing,68331,21
Employee_535,Marketing,49831,14
Employee_536,Operations,110363,22
Employee_537,Marketing,61924,3
Employee_538,Marketing,66256,40
Employee_539,Finance,105020,39
Employee_540,HR,112155,28
Employee_541,Marketing,41698,20
Employee_542,IT,83210,35
Employee_543,Operations,116044,36
Employee_544,IT,108495,39
Employee_545,Operations,80857,35
Employee_546,IT,119663,25
Employee_547,Finance,80634,7
Employee_548,Operations,42633,35
Employee_549,HR,76439,39
Employee_550,Marketing,117774,32
Employee_551,Finance,41950,39
Employee_552,HR,115163,23
Employee_553,Marketing,95375,12
Employee_554,Finance,111892,23
Employee_555,Finance,87450,9
Employee_556,Finance,84941,30
Employee_557,IT,110161,22
Employee_558,HR,119076,28
Employee_559,IT,75876,22
Employee_560,Marketing,96447,3
Employee_561,Marketing,76102,17
Employee_562,IT,81429,6
Employee_563,Operations,49244,3
Employee_564,Marketing,117644,24
Employee_565,IT,53475,19
Employee_566,HR,54615,17
Employee_567,Operations,83753,9
Employee_568,Marketing,68007,13
Employee_569,IT,114584,3
Employee_570,Marketing,80739,36
Employee_571,HR,113200,11
Employee_572,Marketing,52970,17
Employee_573,Finance,118087,38
Employee_574,Operations,40957,5
Employee_575,Finance,87266,1
Employee_576,Marketing,81216,11
Employee_577,IT,71953,11
Employee_578,HR,43361,39
Employee_579,Finance,93153,28
Employee_580,Operations,84571,30
Employee_581,IT,89026,27
Employee_582,IT,66847,31
Employee_583,IT,96779,11
Employee_584,Operations,101245,10
Employee_585,IT,61980,6
Employee_586,Marketing,117845,32
Employee_587,Marketing,108402,23
Employee_588,HR,84353,39
Employee_589,Operations,77534,27
Employee_590,Finance,90647,20
Employee_591,Marketing,62828,37
Employee_592,Operations,68377,7
Employee_593,Finance,96204,8
Employee_594,Operations,80920,25
Employee_595,IT,86443,9
Employee_596,Marketing,102412,25
Employee_597,HR,85949,25
Employee_598,IT,68767,40
Employee_599,Marketing,81020,21
Employee_600,IT,56391,12
Employee_601,Marketing,63450,21
Employee_602,HR,47301,33
Employee_603,Operations,85911,8
Employee_604,Finance,115691,33
Employee_605,IT,79676,40
Employee_606,Marketing,114459,22
Employee_607,IT,95623,31
Employee_608,Operations,96386,17
Employee_609,IT,56804,29
Employee_610,Finance,54658,9
Employee_611,Finance,108102,1
Employee_612,Operations,80143,40
Employee_613,Marketing,45124,28
Employee_614,IT,79768,8
Employee_615,IT,91480,24
Employee_616,IT,89192,28
Employee_617,Finance,93277,29
Employee_618,Operations,59648,1
Employee_619,IT,51698,25
Employee_620,Marketing,74300,22
Employee_621,Operations,96047,32
Employee_622,HR,90101,10
Employee_623,Marketing,74011,27
Employee_624,HR,47071,6
Employee_625,IT,105327,13
Employee_626,HR,62470,39
Employee_627,Finance,78063,26
Employee_628,Finance,64077,20
Employee_629,Operations,112592,21
Employee_630,IT,43076,12
Employee_631,Marketing,91708,32
Employee_632,HR,42022,25
Employee_633,HR,86684,21
Employee_634,Operations,60071,27
Employee_635,IT,90184,16
Employee_636,Marketing,69029,1
Employee_637,HR,49446,10
Employee_638,Marketing,51597,23
Employee_639,IT,47179,7
Employee_640,HR,69607,11
Employee_641,Finance,114257,39
Employee_642,Finance,68791,40
Employee_643,Marketing,92149,34
Employee_644,Operations,103226,4
Employee_645,Marketing,98934,38
Employee_646,Operations,107295,33
Employee_647,Operations,105479,19
Employee_648,IT,48617,7
Employee_649,Operations,66485,6
Employee_650,Finance,111116,10
Employee_651,HR,104189,40
Employee_652,Marketing,58793,29
Employee_653,HR,63077,26
Employee_654,Finance,50980,7
Employee_655,Operations,70672,12
Employee_656,IT,57843,31
Employee_657,Marketing,103231,26
Employee_658,Finance,75990,36
Employee_659,Finance,73959,16
Employee_660,HR,84426,7
Employee_661,HR,55520,32
Employee_662,Operations,52368,28
Employee_663,HR,87425,16
Employee_664,IT,82499,17
Employee_665,HR,116762,3
Employee_666,HR,118171,15
Employee_667,Marketing,62075,22
Employee_668,Marketing,60578,8
Employee_669,HR,119055,4
Employee_670,Marketing,98869,31
Employee_671,Finance,115277,7
Employee_672,Marketing,77608,13
Employee_673,Operations,53943,11
Employee_674,Marketing,87737,5
Employee_675,HR,82059,18
Employee_676,IT,99591,26
Employee_677,IT,53111,15
Employee_678,Operations,87867,21
Employee_679,Finance,71242,23
Employee_680,HR,40773,38
Employee_681,Operations,97278,28
Employee_682,Operations,108839,24
Employee_683,IT,88026,34
Employee_684,Finance,111563,16
Employee_685,Finance,95047,12
Employee_686,Finance,99757,23
Employee_687,Marketing,69452,1
Employee_688,IT,69772,15
Employee_689,Operations,43260,40
Employee_690,Finance,68669,7
Employee_691,Marketing,77882,27
Employee_692,IT,83407,13
Employee_693,IT,50137,37
Employee_694,IT,96810,21
Employee_695,Marketing,67804,15
Employee_696,Finance,106763,34
Employee_697,IT,113839,31
Employee_698,HR,57328,13
Employee_699,Finance,54019,32
Employee_700,IT,78937,37
Employee_701,Marketing,78383,30
Employee_702,IT,84233,34
Employee_703,Marketing,95909,9
Employee_704,IT,43149,17
Employee_705,Operations,80943,3
Employee_706,Finance,48267,38
Employee_707,IT,79492,38
Employee_708,Finance,79983,28
Employee_709,IT,103469,37
Employee_710,Marketing,46338,6
Employee_711,IT,49972,20
Employee_712,Finance,41231,2
Employee_713,HR,119002,11
Employee_714,IT,48425,26
Employee_715,HR,68296,17
Employee_716,HR,75889,30
Employee_717,Operations,113254,13
Employee_718,HR,86709,32
Employee_719,Marketing,64981,14
Employee_720,HR,107557,6
Employee_721,HR,40333,2
Employee_722,Finance,62310,34
Employee_723,Marketing,90636,18
Employee_724,Finance,57657,34
Employee_725,IT,41672,16
Employee_726,Marketing,63640,33
Employee_727,IT,90130,32
Employee_728,Marketing,94708,13
Employee_729,IT,49269,31
Employee_730,HR,91211,34
Employee_731,Operations,87231,12
Employee_732,IT,110155,32
Employee_733,IT,43887,1
Employee_734,HR,53040,12
Employee_735,Operations,64614,16
Employee_736,Finance,51019,13
Employee_737,IT,82331,37
Employee_738,Operations,91783,21
Employee_739,HR,88322,12
Employee_740,IT,48791,7
Employee_741,IT,109282,5
Employee_742,Finance,81906,11
Employee_743,HR,54653,15
Employee_744,Marketing,40323,11
Employee_745,Marketing,100949,40
Employee_746,HR,117571,7
Employee_747,Marketing,90211,39
Employee_748,HR,80558,5
Employee_749,HR,49125,32
Employee_750,Operations,64987,37
Employee_751,Marketing,63670,26
Employee_752,Finance,106938,14
Employee_753,Marketing,87783,34
Employee_754,HR,105209,31
Employee_755,Finance,53229,20
Employee_756,IT,97910,7
Employee_757,HR,75943,33
Employee_758,Finance,79234,38
Employee_759,IT,101482,23
Employee_760,Marketing,63724,5
Employee_761,HR,88889,26
Employee_762,IT,75012,7
Employee_763,Marketing,110070,31
Employee_764,HR,80872,6
Employee_765,Operations,100738,15
Employee_766,Finance,82407,36
Employee_767,Operations,108791,38
Employee_768,HR,82837,18
Employee_769,HR,117262,38
Employee_770,Operations,56122,14
Employee_771,Operations,53008,9
Employee_772,Finance,85236,15
Employee_773,Operations,104392,6
Employee_774,Finance,105643,39
Employee_775,Finance,100177,28
Employee_776,HR,55608,10
Employee_777,Marketing,46081,39
Employee_778,HR,58311,1
Employee_779,HR,103550,7
Employee_780,Finance,74933,9
Employee_781,HR,75528,25
Employee_782,Marketing,113378,1
Employee_783,Operations,87295,29
Employee_784,Finance,107987,29
Employee_785,Finance,54338,22
Employee_786,Operations,46494,14
Employee_787,IT,109943,27
Employee_788,IT,68211,25
Employee_789,Finance,72884,8
Employee_790,Finance,72523,3
Employee_791,IT,86455,38
Employee_792,IT,70282,31
Employee_793,Marketing,97876,37
Employee_794,Marketing,81202,28
Employee_795,Finance,108171,28
Employee_796,IT,61195,36
Employee_797,IT,107537,32
Employee_798,Finance,74518,14
Employee_799,Finance,46038,38
Employee_800,Finance,47888,29
Employee_801,IT,67915,31
Employee_802,HR,55475,10
Employee_803,IT,40934,2
Employee_804,IT,42287,27
Employee_805,HR,45485,36
Employee_806,Marketing,116654,39
Employee_807,Marketing,42808,9
Employee_808,HR,91021,19
Employee_809,Operations,60520,8
Employee_810,HR,44355,40
Employee_811,Marketing,76449,25
Employee_812,Finance,70990,24
Employee_813,Finance,59978,21
Employee_814,HR,86196,29
Employee_815,Finance,56677,28
Employee_816,Finance,73660,34
Employee_817,Operations,65688,8
Employee_818,Finance,52628,13
Employee_819,HR,84499,26
Employee_820,HR,78737,29
Employee_821,Marketing,89376,7
Employee_822,HR,104520,7
Employee_823,HR,79117,20
Employee_824,Finance,59934,29
Employee_825,Marketing,60503,10
Employee_826,Operations,50528,17
Employee_827,Finance,66770,34
Employee_828,IT,57872,7
Employee_829,IT,92989,22
Employee_830,Finance,71321,35
Employee_831,HR,115371,31
Employee_832,HR,43939,14
Employee_833,Finance,71682,37
Employee_834,Finance,43002,23
Employee_835,Operations,104111,4
Employee_836,Finance,49923,16
Employee_837,Operations,47397,31
Employee_838,HR,50685,17
Employee_839,HR,79350,29
Employee_840,HR,64050,17
Employee_841,Marketing,57417,15
Employee_842,Operations,105883,25
Employee_843,Finance,54893,26
Employee_844,Operations,83024,12
Employee_845,Marketing,56776,3
Employee_846,HR,59851,31
Employee_847,HR,75027,3
Employee_848,IT,69809,7
Employee_849,Operations,83161,25
Employee_850,Operations,66877,8
Employee_851,Operations,98418,13
Employee_852,Finance,110716,11
Employee_853,Marketing,48831,11
Employee_854,Operations,56500,15
Employee_855,IT,42441,16
Employee_856,HR,94143,35
Employee_857,HR,74773,39
Employee_858,Marketing,76841,30
Employee_859,Operations,96809,30
Employee_860,Finance,74587,19
Employee_861,Marketing,96633,8
Employee_862,Finance,51666,5
Employee_863,Finance,104318,29
Employee_864,HR,114619,14
Employee_865,HR,113313,28
Employee_866,Operations,81664,30
Employee_867,Operations,65708,9
Employee_868,Operations,42960,30
Employee_869,Operations,41338,5
Employee_870,Finance,51576,20
Employee_871,Finance,60901,17
Employee_872,IT,82932,37
Employee_873,Operations,87551,12
Employee_874,Operations,44015,8
Employee_875,Finance,52759,13
Employee_876,Operations,45206,18
Employee_877,Marketing,87303,34
Employee_878,Marketing,102068,32
Employee_879,IT,47554,5
Employee_880,IT,101268,34
Employee_881,IT,116021,37
Employee_882,Operations,73526,25
Employee_883,IT,110373,38
Employee_884,Finance,74964,37
Employee_885,Marketing,76099,39
Employee_886,Finance,69875,4
Employee_887,Finance,48464,8
Employee_888,HR,105928,39
Employee_889,Operations,46760,19
Employee_890,Marketing,97352,40
Employee_891,Marketing,46919,21
Employee_892,Operations,55706,16
Employee_893,IT,109397,14
Employee_894,HR,60223,22
Employee_895,IT,77878,31
Employee_896,IT,97207,17
Employee_897,HR,116320,33
Employee_898,Marketing,79384,15
Employee_899,Marketing,60123,23
Employee_900,IT,102568,1
Employee_901,IT,81378,3
Employee_902,Finance,62513,13
Employee_903,Operations,46715,40
Employee_904,IT,96111,33
Employee_905,IT,49400,30
Employee_906,IT,81480,2
Employee_907,IT,47846,32
Employee_908,Operations,105943,1
Employee_909,HR,102591,26
Employee_910,IT,113806,8
Employee_911,HR,64037,32
Employee_912,HR,64110,17
Employee_913,HR,46606,12
Employee_914,Marketing,58685,37
Employee_915,IT,103261,20
Employee_916,Operations,118878,26
Employee_917,HR,44826,16
Employee_918,HR,67288,32
Employee_919,Operations,83897,5
Employee_920,HR,110023,26
Employee_921,Finance,43536,11
Employee_922,Marketing,71013,21
Employee_923,Marketing,80942,25
Employee_924,Marketing,73291,7
Employee_925,Marketing,94234,20
Employee_926,HR,105502,21
Employee_927,Finance,111130,12
Employee_928,HR,56151,11
Employee_929,IT,96728,4
Employee_930,HR,71251,40
Employee_931,Marketing,96270,30
Employee_932,Operations,103133,37
Employee_933,HR,114848,2
Employee_934,Marketing,56254,36
Employee_935,IT,110455,21
Employee_936,IT,56091,38
Employee_937,HR,78338,20
Employee_938,Marketing,60592,32
Employee_939,HR,113490,30
Employee_940,Finance,82463,29
Employee_941,IT,81599,32
Employee_942,Finance,62226,3
Employee_943,HR,95981,9
Employee_944,Marketing,53692,25
Employee_945,IT,59771,16
Employee_946,Finance,91640,38
Employee_947,Operations,107632,18
Employee_948,Operations,95300,40
Employee_949,HR,57669,21
Employee_950,Marketing,56366,21
Employee_951,IT,42989,26
Employee_952,HR,84708,12
Employee_953,Operations,108630,11
Employee_954,Marketing,88981,24
Employee_955,HR,78418,6
Employee_956,Finance,52214,33
Employee_957,Operations,112171,4
Employee_958,Operations,46187,11
Employee_959,Marketing,87170,36
Employee_960,Operations,96960,39
Employee_961,Operations,87724,20
Employee_962,Marketing,47348,16
Employee_963,Marketing,100385,38
Employee_964,Marketing,40879,9
Employee_965,IT,69370,19
Employee_966,HR,94073,16
Employee_967,Finance,103271,23
Employee_968,HR,85361,37
Employee_969,HR,108451,23
Employee_970,Finance,61611,32
Employee_971,Finance,61862,29
Employee_972,IT,87140,6
Employee_973,Marketing,81461,7
Employee_974,Finance,96407,29
Employee_975,IT,89033,14
Employee_976,IT,49783,35
Employee_977,HR,86046,33
Employee_978,IT,49219,10
Employee_979,Operations,44296,29
Employee_980,Operations,68514,37
Employee_981,Finance,67024,9
Employee_982,Finance,94307,28
Employee_983,Operations,58195,39
Employee_984,Operations,44405,20
Employee_985,Marketing,75119,6
Employee_986,IT,52412,38
Employee_987,IT,69985,9
Employee_988,IT,106902,38
Employee_989,HR,65311,12
Employee_990,IT,46629,18
Employee_991,Marketing,118955,35
Employee_992,Marketing,67024,27
Employee_993,Operations,46443,4
Employee_994,Marketing,102915,30
Employee_995,IT,112591,13
Employee_996,IT,89378,10
Employee_997,Operations,103633,20
Employee_998,Operations,101444,37
Employee_999,IT,48854,15
Employee_1000,Marketing,63903,15
Employee_1001,HR,79584,22
Employee_1002,Finance,42286,19
Employee_1003,Finance,104966,13
Employee_1004,Marketing,91720,23
Employee_1005,Operations,97845,26
Employee_1006,Finance,76854,39
Employee_1007,HR,77415,3
Employee_1008,HR,74022,3
Employee_1009,IT,74906,40
Employee_1010,Marketing,87692,21
Employee_1011,HR,68508,2
Employee_1012,Marketing,103529,35
Employee_1013,IT,78850,11
Employee_1014,HR,89192,9
Employee_1015,Operations,112236,26
Employee_1016,HR,100910,9
Employee_1017,Operations,87948,8
Employee_1018,Operations,100232,34
Employee_1019,Finance,60570,11
Employee_1020,Finance,79905,18
Employee_1021,HR,88392,13
Employee_1022,Marketing,58458,21
Employee_1023,Marketing,116180,13
Employee_1024,IT,49452,30
Employee_1025,HR,56994,13
Employee_1026,Operations,109558,17
Employee_1027,Finance,44409,35
Employee_1028,Marketing,78759,21
Employee_1029,Finance,84187,24
Employee_1030,Finance,115796,27
Employee_1031,Marketing,90900,16
Employee_1032,Marketing,78083,2
Employee_1033,IT,93984,15
Employee_1034,Marketing,103564,1
Employee_1035,Operations,47849,10
Employee_1036,IT,114675,3
Employee_1037,Operations,84318,29
Employee_1038,Operations,115863,40
Employee_1039,Finance,42572,25
Employee_1040,Finance,84877,16
Employee_1041,IT,61923,23
Employee_1042,Operations,49041,26
Employee_1043,IT,56546,21
Employee_1044,Finance,81072,21
Employee_1045,Finance,61562,22
Employee_1046,IT,100546,1
Employee_1047,Operations,109319,40
Employee_1048,HR,119078,5
Employee_1049,Operations,57384,28
Employee_1050,Marketing,110977,30
Employee_1051,Finance,57162,21
Employee_1052,IT,54040,13
Employee_1053,IT,101197,37
Employee_1054,Operations,112551,24
Employee_1055,Finance,91550,16
Employee_1056,Operations,41727,4
Employee_1057,Finance,87089,19
Employee_1058,Finance,54329,8
Employee_1059,Operations,72289,29
Employee_1060,Operations,83746,1
Employee_1061,IT,106162,37
Employee_1062,Finance,104799,18
Employee_1063,Finance,72971,40
Employee_1064,HR,114140,11
Employee_1065,HR,92528,17
Employee_1066,Operations,64349,39
Employee_1067,IT,80493,5
Employee_1068,Operations,46948,34
Employee_1069,Operations,96595,31
Employee_1070,Finance,67883,22
Employee_1071,Marketing,65907,15
Employee_1072,Finance,109135,10
Employee_1073,Finance,66427,12
Employee_1074,Marketing,119213,20
Employee_1075,Finance,101986,8
Employee_1076,Operations,69915,31
Employee_1077,Finance,98505,33
Employee_1078,IT,45292,37
Employee_1079,Marketing,48859,6
Employee_1080,Marketing,64623,1
Employee_1081,Operations,66652,27
Employee_1082,IT,60467,39
Employee_1083,HR,107029,34
Employee_1084,HR,79054,39
Employee_1085,Marketing,41193,37
Employee_1086,Operations,71775,10
Employee_1087,Operations,46848,28
Employee_1088,HR,106425,40
Employee_1089,HR,98535,37
Employee_1090,Marketing,82651,4
Employee_1091,IT,110075,20
Employee_1092,Finance,114538,6
Employee_1093,Finance,108260,24
Employee_1094,IT,78580,24
Employee_1095,IT,72708,32
Employee_1096,Marketing,88127,9
Employee_1097,Operations,106764,14
Employee_1098,HR,80582,13
Employee_1099,Marketing,56005,24
Employee_1100,Marketing,70301,29
Employee_1101,Finance,63184,39
Employee_1102,Operations,118115,26
Employee_1103,Finance,40766,6
Employee_1104,Marketing,66304,15
Employee_1105,IT,109855,7
Employee_1106,Finance,55167,5
Employee_1107,IT,63324,34
Employee_1108,IT,55965,11
Employee_1109,IT,56831,29
Employee_1110,Operations,71744,8
Employee_1111,Operations,67887,5
Employee_1112,IT,50114,3
Employee_1113,Operations,103558,26
Employee_1114,IT,56177,7
Employee_1115,Marketing,95399,30
Employee_1116,Operations,80603,34
Employee_1117,Operations,96763,34
Employee_1118,IT,83331,22
Employee_1119,HR,79322,8
Employee_1120,HR,61054,3
Employee_1121,HR,118801,40
Employee_1122,HR,86190,30
Employee_1123,Marketing,112168,32
Employee_1124,HR,76066,30
Employee_1125,Operations,100454,17
Employee_1126,Finance,86175,15
Employee_1127,Marketing,55162,9
Employee_1128,IT,93086,33
Employee_1129,Finance,103205,17
Employee_1130,Marketing,47051,11
Employee_1131,HR,94544,32
Employee_1132,Operations,88718,27
Employee_1133,IT,83457,1
Employee_1134,IT,92093,10
Employee_1135,HR,56855,33
Employee_1136,Finance,94398,24
Employee_1137,HR,89008,30
Employee_1138,HR,64858,14
Employee_1139,Marketing,84872,14
Employee_1140,Operations,74761,40
Employee_1141,Operations,119975,30
Employee_1142,Operations,74429,4
Employee_1143,HR,96031,24
Employee_1144,HR,94238,29
Employee_1145,Finance,40840,38
Employee_1146,Operations,110632,40
Employee_1147,IT,58117,15
Employee_1148,Operations,65064,8
Employee_1149,HR,89198,5
Employee_1150,Operations,64360,12
Employee_1151,HR,76039,28
Employee_1152,HR,95968,2
Employee_1153,Operations,108305,9
Employee_1154,Finance,81900,15
Employee_1155,Marketing,113633,39
Employee_1156,Finance,77847,35
Employee_1157,Operations,73393,36
Employee_1158,HR,47188,9
Employee_1159,Marketing,67481,4
Employee_1160,Operations,52377,15
Employee_1161,Marketing,65439,19
Employee_1162,IT,64159,2
Employee_1163,Finance,111441,6
Employee_1164,HR,91358,30
Employee_1165,Marketing,43180,31
Employee_1166,IT,104595,37
Employee_1167,IT,110508,23
Employee_1168,HR,91258,12
Employee_1169,Marketing,55852,5
Employee_1170,HR,64918,3
Employee_1171,IT,69633,14
Employee_1172,Marketing,76258,35
Employee_1173,HR,51711,38
Employee_1174,Operations,66150,12
Employee_1175,Marketing,60236,10
Employee_1176,Finance,109388,39
Employee_1177,HR,56271,15
Employee_1178,IT,97830,38
Employee_1179,Marketing,56913,14
Employee_1180,HR,81034,1
Employee_1181,Operations,108594,25
Employee_1182,Marketing,75626,20
Employee_1183,HR,85543,23
Employee_1184,Operations,96101,24
Employee_1185,Operations,55999,40
Employee_1186,Operations,80980,27
Employee_1187,HR,72872,4
Employee_1188,Operations,102225,12
Employee_1189,IT,62819,9
Employee_1190,Operations,93782,28
Employee_1191,IT,84393,1
Employee_1192,HR,102805,32
Employee_1193,Marketing,113334,15
Employee_1194,Marketing,59292,7
Employee_1195,IT,75198,2
Employee_1196,Finance,94500,7
Employee_1197,HR,115681,22
Employee_1198,IT,71827,33
Employee_1199,Operations,68890,10
Employee_1200,Operations,109996,40
Employee_1201,IT,54514,33
Employee_1202,HR,108203,1
Employee_1203,Operations,83025,16
Employee_1204,IT,100282,25
Employee_1205,HR,111553,21
Employee_1206,Operations,45797,2
Employee_1207,Finance,57571,38
Employee_1208,Operations,85082,38
Employee_1209,HR,69703,33
Employee_1210,Operations,91090,19
Employee_1211,Finance,102540,39
Employee_1212,IT,63192,20
Employee_1213,Marketing,98019,35
Employee_1214,Finance,86159,26
Employee_1215,Operations,70599,12
Employee_1216,IT,114618,1
Employee_1217,HR,110369,5
Employee_1218,Marketing,62429,40
Employee_1219,Marketing,68672,24
Employee_1220,Operations,115664,36
Employee_1221,Finance,44606,14
Employee_1222,Finance,119637,21
Employee_1223,Marketing,83666,26
Employee_1224,Finance,104956,25
Employee_1225,Operations,64254,1
Employee_1226,Marketing,58432,7
Employee_1227,IT,58902,40
Employee_1228,Finance,110746,5
Employee_1229,Marketing,100723,21
Employee_1230,Marketing,103600,33
Employee_1231,Finance,65495,29
Employee_1232,HR,59568,29
Employee_1233,IT,78122,7
Employee_1234,Operations,103309,8
Employee_1235,Marketing,76455,12
Employee_1236,Finance,112122,22
Employee_1237,Marketing,118430,29
Employee_1238,HR,97268,13
Employee_1239,HR,104542,29
Employee_1240,Marketing,65541,15
Employee_1241,Finance,102938,25
Employee_1242,Operations,41477,17
Employee_1243,HR,82296,19
Employee_1244,Marketing,50482,25
Employee_1245,Marketing,90078,15
Employee_1246,HR,52718,36
Employee_1247,Operations,73562,12
Employee_1248,Finance,40475,14
Employee_1249,Finance,75400,12
Employee_1250,HR,41447,18
Employee_1251,IT,92430,28
Employee_1252,Marketing,85920,18
Employee_1253,IT,42507,1
Employee_1254,Operations,100207,4
Employee_1255,Operations,56558,29
Employee_1256,HR,72131,8
Employee_1257,Finance,86631,2
Employee_1258,IT,119870,23
Employee_1259,Operations,80281,31
Employee_1260,HR,90434,4
Employee_1261,Operations,93771,26
Employee_1262,Marketing,68265,4
Employee_1263,Operations,87063,26
Employee_1264,Operations,112733,21
Employee_1265,IT,43865,21
Employee_1266,Operations,119741,6
Employee_1267,Finance,47926,17
Employee_1268,Marketing,69901,7
Employee_1269,HR,44855,37
Employee_1270,Operations,105999,15
Employee_1271,Marketing,59208,34
Employee_1272,Operations,116840,15
Employee_1273,IT,88479,37
Employee_1274,HR,109270,26
Employee_1275,Marketing,73957,24
Employee_1276,HR,47577,5
Employee_1277,Marketing,117031,23
Employee_1278,HR,56438,34
Employee_1279,IT,76502,24
Employee_1280,Marketing,88465,11
Employee_1281,Marketing,70927,32
Employee_1282,Marketing,47356,20
Employee_1283,Finance,43234,32
Employee_1284,HR,118961,7
Employee_1285,Finance,66898,9
Employee_1286,HR,107484,39
Employee_1287,Marketing,89029,26
Employee_1288,Operations,57761,6
Employee_1289,Marketing,74323,27
Employee_1290,Marketing,73276,24
Employee_1291,HR,83297,31
Employee_1292,Operations,112635,37
Employee_1293,Marketing,64022,11
Employee_1294,Operations,54346,10
Employee_1295,Operations,66074,2
Employee_1296,Marketing,85240,35
Employee_1297,Marketing,111696,23
Employee_1298,IT,40897,21
Employee_1299,Finance,45061,19
Employee_1300,HR,102906,34
Employee_1301,IT,101950,17
Employee_1302,IT,66316,39
Employee_1303,Finance,102001,40
Employee_1304,Finance,90500,35
Employee_1305,IT,46299,25
Employee_1306,Marketing,90933,29
Employee_1307,Finance,83180,21
Employee_1308,HR,103194,25
Employee_1309,Operations,85667,25
Employee_1310,Marketing,99123,15
Employee_1311,Marketing,55557,28
Employee_1312,IT,105644,31
Employee_1313,Marketing,40581,9
Employee_1314,HR,54435,22
Employee_1315,Marketing,85712,22
Employee_1316,Finance,63980,36
Employee_1317,Finance,40152,1
Employee_1318,HR,110469,32
Employee_1319,Operations,110890,29
Employee_1320,Operations,94684,38
Employee_1321,Finance,54356,10
Employee_1322,IT,109351,27
Employee_1323,Operations,74674,39
Employee_1324,IT,78198,19
Employee_1325,IT,66543,35
Employee_1326,Marketing,74829,10
Employee_1327,IT,114151,14
Employee_1328,Operations,87888,36
Employee_1329,HR,110887,9
Employee_1330,IT,109683,5
Employee_1331,HR,101339,8
Employee_1332,HR,107979,38
Employee_1333,HR,49667,38
Employee_1334,Marketing,98837,7
Employee_1335,Operations,55888,40
Employee_1336,Marketing,86028,12
Employee_1337,IT,44293,40
Employee_1338,Operations,69446,24
Employee_1339,IT,106494,20
Employee_1340,Marketing,80070,24
Employee_1341,Operations,73576,21
Employee_1342,HR,64749,16
Employee_1343,Finance,116176,39
Employee_1344,IT,59537,18
Employee_1345,Marketing,81778,30
Employee_1346,Operations,101143,33
Employee_1347,Finance,112375,33
Employee_1348,HR,98098,1
Employee_1349,Operations,68618,11
Employee_1350,HR,67836,39
Employee_1351,Finance,89213,9
Employee_1352,Operations,92760,36
Employee_1353,Marketing,49226,5
Employee_1354,Operations,72372,12
Employee_1355,HR,89548,27
Employee_1356,Finance,118166,6
Employee_1357,Operations,76229,33
Employee_1358,Finance,72901,34
Employee_1359,Finance,97659,19
Employee_1360,HR,64852,15
Employee_1361,Finance,57713,7
Employee_1362,HR,87170,27
Employee_1363,Marketing,60881,22
Employee_1364,Finance,85660,32
Employee_1365,HR,49210,17
Employee_1366,Marketing,105876,10
Employee_1367,HR,59614,39
Employee_1368,Operations,100912,12
Employee_1369,HR,95215,38
Employee_1370,Finance,66494,13
Employee_1371,Operations,66619,10
Employee_1372,Operations,44347,32
Employee_1373,Marketing,74537,38
Employee_1374,Marketing,95328,22
Employee_1375,Operations,47238,15
Employee_1376,Finance,42337,2
Employee_1377,IT,59293,9
Employee_1378,Finance,48676,21
Employee_1379,Operations,119387,11
Employee_1380,HR,111340,23
Employee_1381,Finance,115500,8
Employee_1382,IT,95076,32
Employee_1383,Finance,64889,20
Employee_1384,Operations,83680,1
Employee_1385,Marketing,94599,16
Employee_1386,Finance,41354,6
Employee_1387,IT,56199,21
Employee_1388,IT,118886,5
Employee_1389,HR,102455,16
Employee_1390,IT,106643,30
Employee_1391,Finance,79908,14
Employee_1392,Marketing,92984,5
Employee_1393,Operations,70576,2
Employee_1394,Marketing,88533,6
Employee_1395,Marketing,104160,40
Employee_1396,Marketing,91580,1
Employee_1397,HR,66532,36
Employee_1398,Marketing,41536,18
Employee_1399,HR,108497,29
Employee_1400,IT,85741,25
Employee_1401,Finance,83321,28
Employee_1402,Marketing,98905,25
Employee_1403,HR,106600,33
Employee_1404,HR,116654,8
Employee_1405,Finance,63710,9
Employee_1406,Finance,53031,15
Employee_1407,IT,40768,39
Employee_1408,IT,100177,25
Employee_1409,Finance,117380,14
Employee_1410,IT,51008,5
Employee_1411,HR,104150,9
Employee_1412,IT,99088,4
Employee_1413,IT,103507,32
Employee_1414,Finance,109229,18
Employee_1415,Marketing,75945,15
Employee_1416,HR,49055,3
Employee_1417,HR,44431,30
Employee_1418,Marketing,53159,21
Employee_1419,HR,108628,11
Employee_1420,HR,59490,25
Employee_1421,Marketing,57167,3
Employee_1422,Finance,85966,25
Employee_1423,IT,86214,21
Employee_1424,HR,85821,37
Employee_1425,Operations,77509,13
Employee_1426,Operations,60230,28
Employee_1427,Marketing,68365,32
Employee_1428,HR,91956,31
Employee_1429,IT,113945,36
Employee_1430,Marketing,92760,4
Employee_1431,Operations,78232,16
Employee_1432,Marketing,101998,40
Employee_1433,Operations,49880,7
Employee_1434,HR,97912,14
Employee_1435,Marketing,69983,6
Employee_1436,Marketing,98617,36
Employee_1437,Operations,63140,39
Employee_1438,Operations,44078,33
Employee_1439,IT,84601,18
Employee_1440,Finance,65670,28
Employee_1441,Finance,108521,24
Employee_1442,IT,58164,23
Employee_1443,Marketing,109961,12
Employee_1444,IT,40009,2
Employee_1445,IT,47254,7
Employee_1446,Finance,96037,32
Employee_1447,IT,81321,30
Employee_1448,HR,65071,39
Employee_1449,Finance,46934,23
Employee_1450,Marketing,88966,33
Employee_1451,IT,76675,30
Employee_1452,Marketing,44406,13
Employee_1453,HR,101742,16
Employee_1454,IT,66118,28
Employee_1455,Operations,42873,16
Employee_1456,Finance,76810,40
Employee_1457,Marketing,62919,40
Employee_1458,Finance,43331,23
Employee_1459,Marketing,104365,31
Employee_1460,HR,71703,19
Employee_1461,Operations,100874,22
Employee_1462,Operations,61769,40
Employee_1463,Operations,99536,4
Employee_1464,Marketing,109719,30
Employee_1465,Operations,88007,23
Employee_1466,Finance,80953,33
Employee_1467,HR,99275,11
Employee_1468,Operations,118885,3
Employee_1469,Marketing,60003,39
Employee_1470,Marketing,77432,32
Employee_1471,Finance,101248,29
Employee_1472,IT,68567,24
Employee_1473,IT,98860,19
Employee_1474,Finance,105821,24
Employee_1475,Finance,69228,34
Employee_1476,Marketing,103462,3
Employee_1477,Finance,102549,16
Employee_1478,Finance,48103,39
Employee_1479,Finance,71471,35
Employee_1480,HR,66985,12
Employee_1481,Marketing,49539,26
Employee_1482,Finance,102584,34
Employee_1483,Operations,73557,17
Employee_1484,Finance,105137,9
Employee_1485,IT,61293,28
Employee_1486,Finance,80745,30
Employee_1487,HR,66236,11
Employee_1488,Operations,44852,28
Employee_1489,Operations,55288,7
Employee_1490,IT,61372,19
Employee_1491,Operations,41705,5
Employee_1492,IT,118111,25
Employee_1493,Marketing,108305,2
Employee_1494,Finance,66276,8
Employee_1495,Finance,77501,17
Employee_1496,Finance,66305,36
Employee_1497,HR,89275,29
Employee_1498,HR,45458,5
Employee_1499,Finance,84381,18
Employee_1500,Marketing,58537,23
Employee_1501,Operations,105582,13
Employee_1502,Marketing,89946,22
Employee_1503,Finance,69593,2
Employee_1504,Operations,44449,23
Employee_1505,IT,66337,23
Employee_1506,Operations,67581,39
Employee_1507,Marketing,115997,19
Employee_1508,IT,69844,37
Employee_1509,HR,68487,30
Employee_1510,Finance,67817,27
Employee_1511,Finance,114353,15
Employee_1512,Operations,63978,25
Employee_1513,Finance,93977,35
Employee_1514,Operations,61583,20
Employee_1515,HR,118461,37
Employee_1516,Finance,49771,16
Employee_1517,Marketing,105217,5
Employee_1518,IT,113614,22
Employee_1519,HR,58371,12
Employee_1520,Operations,70078,11
Employee_1521,Marketing,69741,32
Employee_1522,Finance,45994,17
Employee_1523,HR,60395,39
Employee_1524,HR,111962,36
Employee_1525,Marketing,77896,5
Employee_1526,Finance,104528,34
Employee_1527,Marketing,87575,19
Employee_1528,HR,58899,14
Employee_1529,IT,114895,37
Employee_1530,IT,100619,16
Employee_1531,Finance,58514,20
Employee_1532,Finance,62174,19
Employee_1533,IT,58498,39
Employee_1534,HR,90117,15
Employee_1535,Finance,45284,17
Employee_1536,Operations,88507,11
Employee_1537,IT,63514,5
Employee_1538,Operations,61270,1
Employee_1539,Marketing,65087,36
Employee_1540,Operations,64528,6
Employee_1541,Marketing,66968,30
Employee_1542,Operations,117321,2
Employee_1543,Marketing,68635,1
Employee_1544,HR,87111,32
Employee_1545,Finance,93655,36
Employee_1546,HR,49552,32
Employee_1547,HR,87951,29
Employee_1548,Marketing,45911,15
Employee_1549,IT,40279,23
Employee_1550,HR,65124,36
Employee_1551,HR,104671,20
Employee_1552,Operations,50027,29
Employee_1553,Finance,110635,16
Employee_1554,Finance,118977,18
Employee_1555,HR,47704,1
Employee_1556,Finance,44848,7
Employee_1557,Operations,95881,13
Employee_1558,Finance,93323,36
Employee_1559,IT,69443,26
Employee_1560,IT,118569,17
Employee_1561,Operations,87908,16
Employee_1562,Finance,68573,21
Employee_1563,Operations,40040,36
Employee_1564,Marketing,75491,17
Employee_1565,Operations,98824,33
Employee_1566,Operations,44742,29
Employee_1567,IT,115027,2
Employee_1568,HR,42159,38
Employee_1569,Operations,45283,8
Employee_1570,Finance,93344,5
Employee_1571,IT,51945,14
Employee_1572,Operations,85318,15
Employee_1573,Operations,70231,4
Employee_1574,Finance,90548,29
Employee_1575,Operations,76553,29
Employee_1576,Operations,71738,40
Employee_1577,Operations,90466,5
Employee_1578,Operations,40855,23
Employee_1579,Marketing,60435,32
Employee_1580,HR,110152,28
Employee_1581,HR,41928,19
Employee_1582,Operations,98323,22
Employee_1583,HR,110761,13
Employee_1584,Finance,80453,18
Employee_1585,Operations,82554,33
Employee_1586,HR,57020,36
Employee_1587,HR,53800,37
Employee_1588,Marketing,79418,32
Employee_1589,Finance,103412,4
Employee_1590,Operations,93533,28
Employee_1591,HR,97700,29
Employee_1592,Operations,68251,4
Employee_1593,IT,96729,28
Employee_1594,IT,111781,28
Employee_1595,HR,98965,19
Employee_1596,HR,44657,39
Employee_1597,HR,69685,5
Employee_1598,IT,40198,1
Employee_1599,HR,73652,14
Employee_1600,IT,68565,23
Employee_1601,IT,67827,1
Employee_1602,Marketing,102042,12
Employee_1603,Finance,114586,3
Employee_1604,IT,117531,4
Employee_1605,Marketing,64613,2
Employee_1606,Finance,108317,34
Employee_1607,Marketing,60893,33
Employee_1608,IT,81630,13
Employee_1609,Finance,108678,34
Employee_1610,IT,40427,13
Employee_1611,Finance,98625,26
Employee_1612,Finance,85664,25
Employee_1613,IT,109327,5
Employee_1614,Marketing,73062,6
Employee_1615,Finance,43233,22
Employee_1616,HR,51137,24
Employee_1617,Operations,92918,34
Employee_1618,Operations,57139,11
Employee_1619,Operations,45075,17
Employee_1620,Finance,102132,35
Employee_1621,Finance,45041,8
Employee_1622,IT,60466,31
Employee_1623,Marketing,100804,34
Employee_1624,Marketing,78003,30
Employee_1625,HR,97170,31
Employee_1626,Marketing,73734,31
Employee_1627,IT,65809,3
Employee_1628,HR,51565,6
Employee_1629,IT,102155,31
Employee_1630,HR,43809,23
Employee_1631,Finance,114750,14
Employee_1632,Operations,72961,11
Employee_1633,Marketing,114549,19
Employee_1634,IT,111441,34
Employee_1635,IT,42467,36
Employee_1636,IT,83943,30
Employee_1637,IT,72811,16
Employee_1638,Marketing,84059,26
Employee_1639,Marketing,102163,32
Employee_1640,IT,99375,23
Employee_1641,Operations,57078,23
Employee_1642,HR,118563,11
Employee_1643,Marketing,103888,14
Employee_1644,Finance,48873,18
Employee_1645,IT,48843,35
Employee_1646,HR,78227,28
Employee_1647,HR,107558,3
Employee_1648,Finance,82258,5
Employee_1649,Operations,98815,4
Employee_1650,Finance,91748,28
Employee_1651,Finance,105409,37
Employee_1652,IT,58373,40
Employee_1653,Marketing,52996,13
Employee_1654,IT,48661,37
Employee_1655,HR,54770,12
Employee_1656,HR,93277,15
Employee_1657,IT,111544,9
Employee_1658,IT,81371,38
Employee_1659,Finance,45873,1
Employee_1660,Marketing,111582,6
Employee_1661,HR,110541,26
Employee_1662,Operations,62966,36
Employee_1663,Operations,115910,36
Employee_1664,IT,119705,13
Employee_1665,Marketing,103369,29
Employee_1666,HR,89061,10
Employee_1667,HR,76673,7
Employee_1668,HR,94597,14
Employee_1669,Finance,55183,35
Employee_1670,Operations,114277,26
Employee_1671,HR,117375,9
Employee_1672,IT,88198,3
Employee_1673,IT,90458,26
Employee_1674,Operations,53802,29
Employee_1675,Operations,109562,33
Employee_1676,IT,102833,1
Employee_1677,Operations,76366,26
Employee_1678,Marketing,51449,37
Employee_1679,IT,97661,40
Employee_1680,Finance,78729,20
Employee_1681,IT,63142,4
Employee_1682,Finance,102320,21
Employee_1683,IT,40097,4
Employee_1684,IT,71283,15
Employee_1685,IT,52228,7
Employee_1686,Finance,81638,26
Employee_1687,HR,70138,15
Employee_1688,IT,107161,3
Employee_1689,HR,48958,17
Employee_1690,HR,99206,28
Employee_1691,Finance,81687,24
Employee_1692,HR,74197,38
Employee_1693,HR,63349,19
Employee_1694,IT,78577,37
Employee_1695,Operations,100428,10
Employee_1696,IT,78367,22
Employee_1697,Finance,95509,15
Employee_1698,HR,106509,4
Employee_1699,Marketing,98875,12
Employee_1700,IT,99043,12
Employee_1701,HR,102719,8
Employee_1702,Operations,86648,24
Employee_1703,Finance,73098,29
Employee_1704,IT,115308,24
Employee_1705,Finance,49510,1
Employee_1706,Operations,79338,31
Employee_1707,IT,71387,14
Employee_1708,HR,105727,29
Employee_1709,IT,107316,2
Employee_1710,Operations,90378,1
Employee_1711,Finance,47839,10
Employee_1712,Finance,66425,4
Employee_1713,Marketing,83601,34
Employee_1714,Marketing,52758,7
Employee_1715,Finance,51445,5
Employee_1716,Operations,72157,12
Employee_1717,IT,80505,11
Employee_1718,Operations,114492,40
Employee_1719,Marketing,58873,30
Employee_1720,Marketing,104263,29
Employee_1721,Operations,85626,28
Employee_1722,HR,90723,12
Employee_1723,IT,50892,16
Employee_1724,Marketing,73077,34
Employee_1725,Marketing,93136,16
Employee_1726,Marketing,60626,7
Employee_1727,Marketing,90093,21
Employee_1728,Finance,104653,22
Employee_1729,Marketing,77539,38
Employee_1730,Operations,99849,30
Employee_1731,IT,83424,2
Employee_1732,Operations,53485,34
Employee_1733,Marketing,44829,27
Employee_1734,Operations,93368,8
Employee_1735,Operations,42514,33
Employee_1736,Operations,61470,39
Employee_1737,HR,97629,30
Employee_1738,IT,66782,14
Employee_1739,Finance,49734,37
Employee_1740,Operations,74965,13
Employee_1741,Finance,46159,6
Employee_1742,Finance,76160,2
Employee_1743,HR,81113,7
Employee_1744,IT,117713,35
Employee_1745,HR,93249,34
Employee_1746,Marketing,71181,4
Employee_1747,Marketing,59753,27
Employee_1748,Operations,92637,14
Employee_1749,IT,106490,33
Employee_1750,IT,91783,24
Employee_1751,IT,55196,24
Employee_1752,Marketing,73884,18
Employee_1753,Marketing,44955,32
Employee_1754,Finance,43705,29
Employee_1755,Operations,51926,9
Employee_1756,IT,84349,5
Employee_1757,HR,47640,12
Employee_1758,Finance,60405,9
Employee_1759,Finance,119839,14
Employee_1760,Marketing,84085,13
Employee_1761,IT,67898,9
Employee_1762,HR,100016,11
Employee_1763,IT,55967,39
Employee_1764,IT,80674,20
Employee_1765,Marketing,119333,13
Employee_1766,Finance,104888,12
Employee_1767,IT,101302,30
Employee_1768,Operations,90260,6
Employee_1769,Operations,52284,22
Employee_1770,Finance,88355,32
Employee_1771,IT,67214,38
Employee_1772,HR,48449,6
Employee_1773,IT,62269,26
Employee_1774,IT,76816,39
Employee_1775,IT,105898,1
Employee_1776,Operations,88367,34
Employee_1777,Finance,98012,35
Employee_1778,IT,79032,30
Employee_1779,HR,101277,38
Employee_1780,Finance,91846,14
Employee_1781,IT,76333,21
Employee_1782,Marketing,95672,40
Employee_1783,HR,118022,32
Employee_1784,Operations,106789,7
Employee_1785,Finance,66154,17
Employee_1786,Operations,67393,21
Employee_1787,IT,100247,14
Employee_1788,IT,108411,27
Employee_1789,Operations,66898,24
Employee_1790,Finance,54664,16
Employee_1791,IT,84162,20
Employee_1792,IT,53370,29
Employee_1793,IT,84849,12
Employee_1794,Marketing,83093,6
Employee_1795,Finance,84700,40
Employee_1796,Finance,84455,2
Employee_1797,HR,64099,20
Employee_1798,IT,76564,31
Employee_1799,Operations,104651,2
Employee_1800,IT,76609,2
Employee_1801,HR,97945,9
Employee_1802,Finance,89241,38
Employee_1803,Marketing,48059,1
Employee_1804,IT,73535,25
Employee_1805,IT,51152,16
Employee_1806,IT,114816,15
Employee_1807,Marketing,84017,36
Employee_1808,Marketing,71160,30
Employee_1809,Marketing,101630,13
Employee_1810,HR,114345,26
Employee_1811,Marketing,53109,38
Employee_1812,Finance,106698,11
Employee_1813,Finance,119072,27
Employee_1814,Operations,50229,5
Employee_1815,Finance,55414,10
Employee_1816,HR,51005,9
Employee_1817,HR,104912,31
Employee_1818,HR,89808,20
Employee_1819,HR,91237,38
Employee_1820,IT,67775,31
Employee_1821,Marketing,88678,20
Employee_1822,Finance,65329,27
Employee_1823,Marketing,90713,21
Employee_1824,HR,67331,14
Employee_1825,Marketing,115814,22
Employee_1826,HR,108745,27
Employee_1827,HR,40458,1
Employee_1828,IT,55842,32
Employee_1829,IT,113508,8
Employee_1830,Operations,57116,12
Employee_1831,IT,109379,8
Employee_1832,Marketing,49637,36
Employee_1833,Marketing,61759,14
Employee_1834,IT,43059,24
Employee_1835,IT,94893,4
Employee_1836,IT,57156,36
Employee_1837,Marketing,68824,33
Employee_1838,Operations,87863,22
Employee_1839,HR,70183,7
Employee_1840,Marketing,119365,27
Employee_1841,Marketing,90550,7
Employee_1842,Finance,113256,8
Employee_1843,HR,102473,19
Employee_1844,IT,99088,22
Employee_1845,HR,100636,12
Employee_1846,IT,61528,3
Employee_1847,IT,85252,5
Employee_1848,Marketing,101527,20
Employee_1849,HR,45205,2
Employee_1850,IT,81101,40
Employee_1851,IT,86815,2
Employee_1852,Finance,97440,29
Employee_1853,HR,109385,21
Employee_1854,HR,94855,19
Employee_1855,Finance,65502,21
Employee_1856,Operations,58881,15
Employee_1857,IT,60459,4
Employee_1858,Finance,67081,3
Employee_1859,Finance,92248,26
Employee_1860,Marketing,77658,34
Employee_1861,Operations,93887,2
Employee_1862,Marketing,88256,1
Employee_1863,Marketing,85164,20
Employee_1864,HR,62222,11
Employee_1865,Finance,40980,5
Employee_1866,Operations,80344,15
Employee_1867,Marketing,56537,40
Employee_1868,HR,109693,3
Employee_1869,Operations,74833,24
Employee_1870,Operations,113493,36
Employee_1871,Finance,101925,12
Employee_1872,IT,60271,26
Employee_1873,IT,101388,31
Employee_1874,Operations,79799,21
Employee_1875,Finance,115824,13
Employee_1876,Operations,107384,7
Employee_1877,Operations,102564,40
Employee_1878,HR,117848,37
Employee_1879,IT,96689,15
Employee_1880,Marketing,50521,12
Employee_1881,Operations,97790,14
Employee_1882,Finance,109724,2
Employee_1883,HR,88730,16
Employee_1884,Operations,69887,36
Employee_1885,Finance,113865,18
Employee_1886,HR,45467,20
Employee_1887,HR,61547,11
Employee_1888,Finance,117261,12
Employee_1889,IT,86609,24
Employee_1890,Marketing,90168,2
Employee_1891,HR,60228,37
Employee_1892,Operations,109046,8
Employee_1893,Finance,41706,18
Employee_1894,IT,67314,24
Employee_1895,HR,47035,30
Employee_1896,Finance,75047,15
Employee_1897,IT,61810,22
Employee_1898,Marketing,42389,32
Employee_1899,Finance,73120,23
Employee_1900,HR,100356,18
Employee_1901,Operations,65443,10
Employee_1902,HR,68191,24
Employee_1903,HR,113332,23
Employee_1904,IT,116425,35
Employee_1905,Finance,85068,36
Employee_1906,Operations,76802,13
Employee_1907,Operations,44474,7
Employee_1908,Finance,64144,4
Employee_1909,Marketing,103345,23
Employee_1910,Marketing,48740,3
Employee_1911,Marketing,115508,35
Employee_1912,Finance,98767,27
Employee_1913,Operations,45904,19
Employee_1914,Finance,58402,25
Employee_1915,Marketing,76700,3
Employee_1916,Finance,103607,33
Employee_1917,Operations,83096,11
Employee_1918,IT,99950,24
Employee_1919,Finance,71534,14
Employee_1920,HR,78071,24
Employee_1921,HR,105096,21
Employee_1922,Marketing,92700,24
Employee_1923,HR,92848,7
Employee_1924,Operations,78038,8
Employee_1925,Operations,109371,16
Employee_1926,IT,52550,36
Employee_1927,IT,54388,39
Employee_1928,IT,103749,15
Employee_1929,Finance,107361,19
Employee_1930,Finance,77568,25
Employee_1931,Marketing,72589,23
Employee_1932,Operations,92003,18
Employee_1933,IT,65401,32
Employee_1934,Finance,96132,25
Employee_1935,IT,85731,24
Employee_1936,HR,91119,23
Employee_1937,Operations,105959,40
Employee_1938,Finance,75071,39
Employee_1939,Marketing,60753,10
Employee_1940,HR,51529,31
Employee_1941,HR,79403,30
Employee_1942,HR,81590,27
Employee_1943,Operations,85380,13
Employee_1944,Operations,66336,39
Employee_1945,Operations,95904,38
Employee_1946,IT,103035,35
Employee_1947,Operations,96786,35
Employee_1948,HR,75735,26
Employee_1949,HR,102648,14
Employee_1950,Marketing,62669,20
Employee_1951,Finance,65100,5
Employee_1952,HR,94743,21
Employee_1953,IT,45750,33
Employee_1954,HR,63662,12
Employee_1955,IT,115272,6
Employee_1956,IT,65290,27
Employee_1957,HR,41069,35
Employee_1958,Finance,106204,19
Employee_1959,Finance,56363,33
Employee_1960,IT,52876,31
Employee_1961,HR,101932,6
Employee_1962,Operations,47830,21
Employee_1963,Finance,109382,13
Employee_1964,HR,40674,3
Employee_1965,Operations,70882,13
Employee_1966,IT,109573,23
Employee_1967,Marketing,90968,20
Employee_1968,IT,88523,32
Employee_1969,Finance,82821,6
Employee_1970,Finance,90599,11
Employee_1971,HR,80005,19
Employee_1972,Finance,79659,4
Employee_1973,HR,97852,33
Employee_1974,IT,65876,10
Employee_1975,Operations,73719,29
Employee_1976,Marketing,79152,9
Employee_1977,Finance,63635,29
Employee_1978,Operations,60966,5
Employee_1979,HR,97626,5
Employee_1980,Operations,61595,37
Employee_1981,Finance,82448,11
Employee_1982,Operations,73532,29
Employee_1983,Finance,109356,2
Employee_1984,Marketing,59067,17
Employee_1985,HR,106501,26
Employee_1986,IT,49157,24
Employee_1987,Operations,53382,14
Employee_1988,Operations,105964,37
Employee_1989,HR,84371,13
Employee_1990,Marketing,46738,32
Employee_1991,Finance,62127,17
Employee_1992,Marketing,52789,39
Employee_1993,Marketing,94153,23
Employee_1994,Operations,51630,38
Employee_1995,IT,99533,4
Employee_1996,Finance,117601,23
Employee_1997,Finance,48362,1
Employee_1998,Marketing,82349,32
Employee_1999,Finance,50560,22
Employee_2000,IT,106479,28
